Target,MAE
Exited,0.0034047884353809784
Risk_Score,2.7223882870242023e-16
Loyalty Score,2.252373634825666e-16
